{"cameraMode":{"drawMode":0,"name":"Shaded","section":"Shading Mode"},"sceneLighting":false,"audioPlay":false,"sceneViewState":{"m_AlwaysRefresh":false,"showFog":true,"showSkybox":false,"showFlares":true,"showImageEffects":true,"showParticleSystems":true,"showVisualEffectGraphs":true,"m_FxEnabled":true},"in2DMode":false,"pivot":{"x":-2.799999952316284,"y":0.8999999761581421,"z":21.779998779296876},"rotation":{"x":0.07937577366828919,"y":-0.03288804367184639,"z":0.0025051378179341556,"w":0.9962282180786133},"size":53.804115295410159,"orthographic":false}